id,status
2,ERROR
2,ERROR
2,ERROR
2,ERROR
2,ERROR
2,ERROR
2,ERROR
2,ERROR
2,ERROR
2,ERROR
2,ERROR
2,ERROR
2,ERROR
1,ERROR
1,ERROR
1,ERROR
1,ERROR
1,ERROR
1,ERROR
1,ERROR
1,ERROR
1,ERROR
1,ERROR
3,ERROR
1,ERROR
1,ERROR
3,ERROR
1,ERROR
1,ERROR
1,ERROR
1,ERROR
1,ERROR
1,ERROR
1,ERROR
1,ERROR
1,ERROR
1,ERROR
1,ERROR
1,ERROR
1,ERROR
1,ERROR
1,ERROR
1,ERROR
1,ERROR
1,ERROR
1,ERROR
1,ERROR
1,ERROR
1,ERROR
1,ERROR
1,ERROR
1,ERROR
1,ERROR
1,ERROR
1,ERROR
1,ERROR
1,ERROR
1,ERROR
1,ERROR
1,ERROR
1,ERROR
1,ERROR
1,ERROR
2,ERROR
2,ERROR
2,ERROR
2,ERROR
2,ERROR
2,ERROR
2,ERROR
2,ERROR
2,ERROR
2,ERROR
2,ERROR
2,ERROR
2,ERROR
2,ERROR
2,ERROR
2,ERROR
2,ERROR
2,ERROR
2,ERROR
2,ERROR
2,ERROR
2,ERROR
2,ERROR
2,ERROR
2,ERROR
2,ERROR
2,ERROR
2,ERROR
2,ERROR
2,ERROR
2,ERROR
2,ERROR
2,ERROR
2,ERROR
2,ERROR
3,ERROR
2,ERROR
2,ERROR
2,ERROR
2,ERROR
2,ERROR
2,ERROR
2,ERROR
2,ERROR
2,ERROR
2,ERROR
2,ERROR
2,ERROR
2,ERROR
2,ERROR
2,ERROR
2,ERROR
2,ERROR
3,ERROR
1,ERROR
1,ERROR
3,ERROR
2,ERROR
1,ERROR
